name,link,image,price,site
여성 질 유산균 - 자로우/네이쳐스웨이/네이쳐와이즈 등 쿠폰꿀팁,https://algumon.com/l/d/310089,,"15,000원",뽐뿌
ZOTAC GAMING 지포스 RTX 3070 TWIN Edge OC D6 8G,https://algumon.com/l/d/310087,https://cdn.algumon.com/뽐뿌-일반/0_4BEEA0F51EC0403998567CA46BEB8FA7.jpg?d=200x200,"803,190원",뽐뿌
간편적립 클릭만 해도 ~,https://algumon.com/l/d/310086,,44원,쿨엔조이
스팔딩 농구공,https://algumon.com/l/d/310085,https://cdn.algumon.com/뽐뿌-일반/0_195BEDAB9D5048589E0FF1E8F1AD669B.jpg?d=200x200,"9,730원",뽐뿌
name,link,image,price,site
<스클> 스파클 생수 2L*30펫 / 연세우유 48팩 (다양/,https://algumon.com/l/d/310090,,,뽐뿌
여성 질 유산균 - 자로우/네이쳐스웨이/네이쳐와이즈 등 쿠폰꿀팁,https://algumon.com/l/d/310089,,"
            15,000원
        ",뽐뿌
ZOTAC GAMING 지포스 RTX 3070 TWIN Edge OC D6 8G,https://algumon.com/l/d/310087,https://cdn.algumon.com/뽐뿌-일반/0_4BEEA0F51EC0403998567CA46BEB8FA7.jpg?d=200x200,"
            803,190원
        ",뽐뿌
간편적립 클릭만 해도 ~,https://algumon.com/l/d/310086,,"
            44원
        ",쿨엔조이
스팔딩 농구공,https://algumon.com/l/d/310085,https://cdn.algumon.com/뽐뿌-일반/0_195BEDAB9D5048589E0FF1E8F1AD669B.jpg?d=200x200,"
            9,730원
        ",뽐뿌
서울문화사 한정판매 인기 만화 할인전,https://algumon.com/l/d/310084,,,루리웹
T150 PROTMX PRO 레이싱휠,https://algumon.com/l/d/310083,,"
            219,000원
        ",루리웹
누텔라 370g 3개 (스클10610),https://algumon.com/l/d/310082,,"
            12,900원
        ",뽐뿌
문화상품권 9% 할인쿠폰,https://algumon.com/l/d/310081,https://cdn.algumon.com/뽐뿌-일반/0_951EF60C96154E99AFC407227FA2BF84.jpg?d=200x200,"
            45,500원
        ",뽐뿌
